,ERROR,IDRC
0,expected non-empty vector for x,000013504
1,expected non-empty vector for x,000137608
2,expected non-empty vector for x,000139211
3,expected non-empty vector for x,000498315
4,expected non-empty vector for x,001315502
5,expected non-empty vector for x,001315702
6,expected non-empty vector for x,001317001
7,expected non-empty vector for x,001317202
8,expected non-empty vector for x,001317502
9,expected non-empty vector for x,001375206
10,expected non-empty vector for x,001375608
11,expected non-empty vector for x,001375808
12,expected non-empty vector for x,001393211
13,expected non-empty vector for x,001393412
14,expected non-empty vector for x,001395112
15,expected non-empty vector for x,004926913
16,expected non-empty vector for x,004979614
17,expected non-empty vector for x,004987416
18,expected non-empty vector for x,004987515
19,expected non-empty vector for x,004991314
20,expected non-empty vector for x,004995221
21,expected non-empty vector for x,013715203
22,expected non-empty vector for x,013715204
23,expected non-empty vector for x,013715304
24,expected non-empty vector for x,013715706
25,expected non-empty vector for x,013715806
26,expected non-empty vector for x,013715906
27,expected non-empty vector for x,013753106
28,expected non-empty vector for x,013753306
29,expected non-empty vector for x,013753405
30,expected non-empty vector for x,013753906
31,expected non-empty vector for x,013755407
32,expected non-empty vector for x,013755408
33,expected non-empty vector for x,013755608
34,expected non-empty vector for x,013759608
35,expected non-empty vector for x,013759708
36,expected non-empty vector for x,013771409
37,expected non-empty vector for x,013771610
38,expected non-empty vector for x,013771910
39,expected non-empty vector for x,013777312
40,expected non-empty vector for x,137595208
